url,label
http://google0.com,REAL
http://youtube1.com,REAL
http://facebook2.com,REAL
http://amazon3.com,REAL
http://microsoft4.com,REAL
http://apple5.com,REAL
http://netflix6.com,REAL
http://linkedin7.com,REAL
http://instagram8.com,REAL
http://twitter9.com,REAL
http://wikipedia10.com,REAL
http://github11.com,REAL
http://reddit12.com,REAL
http://paypal13.com,REAL
http://flipkart14.com,REAL
http://snapdeal15.com,REAL
http://icicibank16.com,REAL
http://hdfcbank17.com,REAL
http://axisbank18.com,REAL
http://sbi19.com,REAL
http://google20.com,REAL
http://youtube21.com,REAL
http://facebook22.com,REAL
http://amazon23.com,REAL
http://microsoft24.com,REAL
http://apple25.com,REAL
http://netflix26.com,REAL
http://linkedin27.com,REAL
http://instagram28.com,REAL
http://twitter29.com,REAL
http://wikipedia30.com,REAL
http://github31.com,REAL
http://reddit32.com,REAL
http://paypal33.com,REAL
http://flipkart34.com,REAL
http://snapdeal35.com,REAL
http://icicibank36.com,REAL
http://hdfcbank37.com,REAL
http://axisbank38.com,REAL
http://sbi39.com,REAL
http://google40.com,REAL
http://youtube41.com,REAL
http://facebook42.com,REAL
http://amazon43.com,REAL
http://microsoft44.com,REAL
http://apple45.com,REAL
http://netflix46.com,REAL
http://linkedin47.com,REAL
http://instagram48.com,REAL
http://twitter49.com,REAL
http://wikipedia50.com,REAL
http://github51.com,REAL
http://reddit52.com,REAL
http://paypal53.com,REAL
http://flipkart54.com,REAL
http://snapdeal55.com,REAL
http://icicibank56.com,REAL
http://hdfcbank57.com,REAL
http://axisbank58.com,REAL
http://sbi59.com,REAL
http://google60.com,REAL
http://youtube61.com,REAL
http://facebook62.com,REAL
http://amazon63.com,REAL
http://microsoft64.com,REAL
http://apple65.com,REAL
http://netflix66.com,REAL
http://linkedin67.com,REAL
http://instagram68.com,REAL
http://twitter69.com,REAL
http://wikipedia70.com,REAL
http://github71.com,REAL
http://reddit72.com,REAL
http://paypal73.com,REAL
http://flipkart74.com,REAL
http://snapdeal75.com,REAL
http://icicibank76.com,REAL
http://hdfcbank77.com,REAL
http://axisbank78.com,REAL
http://sbi79.com,REAL
http://google80.com,REAL
http://youtube81.com,REAL
http://facebook82.com,REAL
http://amazon83.com,REAL
http://microsoft84.com,REAL
http://apple85.com,REAL
http://netflix86.com,REAL
http://linkedin87.com,REAL
http://instagram88.com,REAL
http://twitter89.com,REAL
http://wikipedia90.com,REAL
http://github91.com,REAL
http://reddit92.com,REAL
http://paypal93.com,REAL
http://flipkart94.com,REAL
http://snapdeal95.com,REAL
http://icicibank96.com,REAL
http://hdfcbank97.com,REAL
http://axisbank98.com,REAL
http://sbi99.com,REAL
http://google100.com,REAL
http://youtube101.com,REAL
http://facebook102.com,REAL
http://amazon103.com,REAL
http://microsoft104.com,REAL
http://apple105.com,REAL
http://netflix106.com,REAL
http://linkedin107.com,REAL
http://instagram108.com,REAL
http://twitter109.com,REAL
http://wikipedia110.com,REAL
http://github111.com,REAL
http://reddit112.com,REAL
http://paypal113.com,REAL
http://flipkart114.com,REAL
http://snapdeal115.com,REAL
http://icicibank116.com,REAL
http://hdfcbank117.com,REAL
http://axisbank118.com,REAL
http://sbi119.com,REAL
http://google120.com,REAL
http://youtube121.com,REAL
http://facebook122.com,REAL
http://amazon123.com,REAL
http://microsoft124.com,REAL
http://apple125.com,REAL
http://netflix126.com,REAL
http://linkedin127.com,REAL
http://instagram128.com,REAL
http://twitter129.com,REAL
http://wikipedia130.com,REAL
http://github131.com,REAL
http://reddit132.com,REAL
http://paypal133.com,REAL
http://flipkart134.com,REAL
http://snapdeal135.com,REAL
http://icicibank136.com,REAL
http://hdfcbank137.com,REAL
http://axisbank138.com,REAL
http://sbi139.com,REAL
http://google140.com,REAL
http://youtube141.com,REAL
http://facebook142.com,REAL
http://amazon143.com,REAL
http://microsoft144.com,REAL
http://apple145.com,REAL
http://netflix146.com,REAL
http://linkedin147.com,REAL
http://instagram148.com,REAL
http://twitter149.com,REAL
http://wikipedia150.com,REAL
http://github151.com,REAL
http://reddit152.com,REAL
http://paypal153.com,REAL
http://flipkart154.com,REAL
http://snapdeal155.com,REAL
http://icicibank156.com,REAL
http://hdfcbank157.com,REAL
http://axisbank158.com,REAL
http://sbi159.com,REAL
http://google160.com,REAL
http://youtube161.com,REAL
http://facebook162.com,REAL
http://amazon163.com,REAL
http://microsoft164.com,REAL
http://apple165.com,REAL
http://netflix166.com,REAL
http://linkedin167.com,REAL
http://instagram168.com,REAL
http://twitter169.com,REAL
http://wikipedia170.com,REAL
http://github171.com,REAL
http://reddit172.com,REAL
http://paypal173.com,REAL
http://flipkart174.com,REAL
http://snapdeal175.com,REAL
http://icicibank176.com,REAL
http://hdfcbank177.com,REAL
http://axisbank178.com,REAL
http://sbi179.com,REAL
http://google180.com,REAL
http://youtube181.com,REAL
http://facebook182.com,REAL
http://amazon183.com,REAL
http://microsoft184.com,REAL
http://apple185.com,REAL
http://netflix186.com,REAL
http://linkedin187.com,REAL
http://instagram188.com,REAL
http://twitter189.com,REAL
http://wikipedia190.com,REAL
http://github191.com,REAL
http://reddit192.com,REAL
http://paypal193.com,REAL
http://flipkart194.com,REAL
http://snapdeal195.com,REAL
http://icicibank196.com,REAL
http://hdfcbank197.com,REAL
http://axisbank198.com,REAL
http://sbi199.com,REAL
http://google200.com,REAL
http://youtube201.com,REAL
http://facebook202.com,REAL
http://amazon203.com,REAL
http://microsoft204.com,REAL
http://apple205.com,REAL
http://netflix206.com,REAL
http://linkedin207.com,REAL
http://instagram208.com,REAL
http://twitter209.com,REAL
http://wikipedia210.com,REAL
http://github211.com,REAL
http://reddit212.com,REAL
http://paypal213.com,REAL
http://flipkart214.com,REAL
http://snapdeal215.com,REAL
http://icicibank216.com,REAL
http://hdfcbank217.com,REAL
http://axisbank218.com,REAL
http://sbi219.com,REAL
http://google220.com,REAL
http://youtube221.com,REAL
http://facebook222.com,REAL
http://amazon223.com,REAL
http://microsoft224.com,REAL
http://apple225.com,REAL
http://netflix226.com,REAL
http://linkedin227.com,REAL
http://instagram228.com,REAL
http://twitter229.com,REAL
http://wikipedia230.com,REAL
http://github231.com,REAL
http://reddit232.com,REAL
http://paypal233.com,REAL
http://flipkart234.com,REAL
http://snapdeal235.com,REAL
http://icicibank236.com,REAL
http://hdfcbank237.com,REAL
http://axisbank238.com,REAL
http://sbi239.com,REAL
http://google240.com,REAL
http://youtube241.com,REAL
http://facebook242.com,REAL
http://amazon243.com,REAL
http://microsoft244.com,REAL
http://apple245.com,REAL
http://netflix246.com,REAL
http://linkedin247.com,REAL
http://instagram248.com,REAL
http://twitter249.com,REAL
http://secure-account0-security.xyz,FAKE
http://login-account1-security.xyz,FAKE
http://verify-account2-security.xyz,FAKE
http://update-account3-security.xyz,FAKE
http://alert-account4-security.xyz,FAKE
http://account-account5-security.xyz,FAKE
http://banking-account6-security.xyz,FAKE
http://wallet-account7-security.xyz,FAKE
http://support-account8-security.xyz,FAKE
http://confirm-account9-security.xyz,FAKE
http://free-account10-security.xyz,FAKE
http://bonus-account11-security.xyz,FAKE
http://lottery-account12-security.xyz,FAKE
http://crypto-account13-security.xyz,FAKE
http://offer-account14-security.xyz,FAKE
http://secure-account15-security.xyz,FAKE
http://login-account16-security.xyz,FAKE
http://verify-account17-security.xyz,FAKE
http://update-account18-security.xyz,FAKE
http://alert-account19-security.xyz,FAKE
http://account-account20-security.xyz,FAKE
http://banking-account21-security.xyz,FAKE
http://wallet-account22-security.xyz,FAKE
http://support-account23-security.xyz,FAKE
http://confirm-account24-security.xyz,FAKE
http://free-account25-security.xyz,FAKE
http://bonus-account26-security.xyz,FAKE
http://lottery-account27-security.xyz,FAKE
http://crypto-account28-security.xyz,FAKE
http://offer-account29-security.xyz,FAKE
http://secure-account30-security.xyz,FAKE
http://login-account31-security.xyz,FAKE
http://verify-account32-security.xyz,FAKE
http://update-account33-security.xyz,FAKE
http://alert-account34-security.xyz,FAKE
http://account-account35-security.xyz,FAKE
http://banking-account36-security.xyz,FAKE
http://wallet-account37-security.xyz,FAKE
http://support-account38-security.xyz,FAKE
http://confirm-account39-security.xyz,FAKE
http://free-account40-security.xyz,FAKE
http://bonus-account41-security.xyz,FAKE
http://lottery-account42-security.xyz,FAKE
http://crypto-account43-security.xyz,FAKE
http://offer-account44-security.xyz,FAKE
http://secure-account45-security.xyz,FAKE
http://login-account46-security.xyz,FAKE
http://verify-account47-security.xyz,FAKE
http://update-account48-security.xyz,FAKE
http://alert-account49-security.xyz,FAKE
http://account-account50-security.xyz,FAKE
http://banking-account51-security.xyz,FAKE
http://wallet-account52-security.xyz,FAKE
http://support-account53-security.xyz,FAKE
http://confirm-account54-security.xyz,FAKE
http://free-account55-security.xyz,FAKE
http://bonus-account56-security.xyz,FAKE
http://lottery-account57-security.xyz,FAKE
http://crypto-account58-security.xyz,FAKE
http://offer-account59-security.xyz,FAKE
http://secure-account60-security.xyz,FAKE
http://login-account61-security.xyz,FAKE
http://verify-account62-security.xyz,FAKE
http://update-account63-security.xyz,FAKE
http://alert-account64-security.xyz,FAKE
http://account-account65-security.xyz,FAKE
http://banking-account66-security.xyz,FAKE
http://wallet-account67-security.xyz,FAKE
http://support-account68-security.xyz,FAKE
http://confirm-account69-security.xyz,FAKE
http://free-account70-security.xyz,FAKE
http://bonus-account71-security.xyz,FAKE
http://lottery-account72-security.xyz,FAKE
http://crypto-account73-security.xyz,FAKE
http://offer-account74-security.xyz,FAKE
http://secure-account75-security.xyz,FAKE
http://login-account76-security.xyz,FAKE
http://verify-account77-security.xyz,FAKE
http://update-account78-security.xyz,FAKE
http://alert-account79-security.xyz,FAKE
http://account-account80-security.xyz,FAKE
http://banking-account81-security.xyz,FAKE
http://wallet-account82-security.xyz,FAKE
http://support-account83-security.xyz,FAKE
http://confirm-account84-security.xyz,FAKE
http://free-account85-security.xyz,FAKE
http://bonus-account86-security.xyz,FAKE
http://lottery-account87-security.xyz,FAKE
http://crypto-account88-security.xyz,FAKE
http://offer-account89-security.xyz,FAKE
http://secure-account90-security.xyz,FAKE
http://login-account91-security.xyz,FAKE
http://verify-account92-security.xyz,FAKE
http://update-account93-security.xyz,FAKE
http://alert-account94-security.xyz,FAKE
http://account-account95-security.xyz,FAKE
http://banking-account96-security.xyz,FAKE
http://wallet-account97-security.xyz,FAKE
http://support-account98-security.xyz,FAKE
http://confirm-account99-security.xyz,FAKE
http://free-account100-security.xyz,FAKE
http://bonus-account101-security.xyz,FAKE
http://lottery-account102-security.xyz,FAKE
http://crypto-account103-security.xyz,FAKE
http://offer-account104-security.xyz,FAKE
http://secure-account105-security.xyz,FAKE
http://login-account106-security.xyz,FAKE
http://verify-account107-security.xyz,FAKE
http://update-account108-security.xyz,FAKE
http://alert-account109-security.xyz,FAKE
http://account-account110-security.xyz,FAKE
http://banking-account111-security.xyz,FAKE
http://wallet-account112-security.xyz,FAKE
http://support-account113-security.xyz,FAKE
http://confirm-account114-security.xyz,FAKE
http://free-account115-security.xyz,FAKE
http://bonus-account116-security.xyz,FAKE
http://lottery-account117-security.xyz,FAKE
http://crypto-account118-security.xyz,FAKE
http://offer-account119-security.xyz,FAKE
http://secure-account120-security.xyz,FAKE
http://login-account121-security.xyz,FAKE
http://verify-account122-security.xyz,FAKE
http://update-account123-security.xyz,FAKE
http://alert-account124-security.xyz,FAKE
http://account-account125-security.xyz,FAKE
http://banking-account126-security.xyz,FAKE
http://wallet-account127-security.xyz,FAKE
http://support-account128-security.xyz,FAKE
http://confirm-account129-security.xyz,FAKE
http://free-account130-security.xyz,FAKE
http://bonus-account131-security.xyz,FAKE
http://lottery-account132-security.xyz,FAKE
http://crypto-account133-security.xyz,FAKE
http://offer-account134-security.xyz,FAKE
http://secure-account135-security.xyz,FAKE
http://login-account136-security.xyz,FAKE
http://verify-account137-security.xyz,FAKE
http://update-account138-security.xyz,FAKE
http://alert-account139-security.xyz,FAKE
http://account-account140-security.xyz,FAKE
http://banking-account141-security.xyz,FAKE
http://wallet-account142-security.xyz,FAKE
http://support-account143-security.xyz,FAKE
http://confirm-account144-security.xyz,FAKE
http://free-account145-security.xyz,FAKE
http://bonus-account146-security.xyz,FAKE
http://lottery-account147-security.xyz,FAKE
http://crypto-account148-security.xyz,FAKE
http://offer-account149-security.xyz,FAKE
http://secure-account150-security.xyz,FAKE
http://login-account151-security.xyz,FAKE
http://verify-account152-security.xyz,FAKE
http://update-account153-security.xyz,FAKE
http://alert-account154-security.xyz,FAKE
http://account-account155-security.xyz,FAKE
http://banking-account156-security.xyz,FAKE
http://wallet-account157-security.xyz,FAKE
http://support-account158-security.xyz,FAKE
http://confirm-account159-security.xyz,FAKE
http://free-account160-security.xyz,FAKE
http://bonus-account161-security.xyz,FAKE
http://lottery-account162-security.xyz,FAKE
http://crypto-account163-security.xyz,FAKE
http://offer-account164-security.xyz,FAKE
http://secure-account165-security.xyz,FAKE
http://login-account166-security.xyz,FAKE
http://verify-account167-security.xyz,FAKE
http://update-account168-security.xyz,FAKE
http://alert-account169-security.xyz,FAKE
http://account-account170-security.xyz,FAKE
http://banking-account171-security.xyz,FAKE
http://wallet-account172-security.xyz,FAKE
http://support-account173-security.xyz,FAKE
http://confirm-account174-security.xyz,FAKE
http://free-account175-security.xyz,FAKE
http://bonus-account176-security.xyz,FAKE
http://lottery-account177-security.xyz,FAKE
http://crypto-account178-security.xyz,FAKE
http://offer-account179-security.xyz,FAKE
http://secure-account180-security.xyz,FAKE
http://login-account181-security.xyz,FAKE
http://verify-account182-security.xyz,FAKE
http://update-account183-security.xyz,FAKE
http://alert-account184-security.xyz,FAKE
http://account-account185-security.xyz,FAKE
http://banking-account186-security.xyz,FAKE
http://wallet-account187-security.xyz,FAKE
http://support-account188-security.xyz,FAKE
http://confirm-account189-security.xyz,FAKE
http://free-account190-security.xyz,FAKE
http://bonus-account191-security.xyz,FAKE
http://lottery-account192-security.xyz,FAKE
http://crypto-account193-security.xyz,FAKE
http://offer-account194-security.xyz,FAKE
http://secure-account195-security.xyz,FAKE
http://login-account196-security.xyz,FAKE
http://verify-account197-security.xyz,FAKE
http://update-account198-security.xyz,FAKE
http://alert-account199-security.xyz,FAKE
http://account-account200-security.xyz,FAKE
http://banking-account201-security.xyz,FAKE
http://wallet-account202-security.xyz,FAKE
http://support-account203-security.xyz,FAKE
http://confirm-account204-security.xyz,FAKE
http://free-account205-security.xyz,FAKE
http://bonus-account206-security.xyz,FAKE
http://lottery-account207-security.xyz,FAKE
http://crypto-account208-security.xyz,FAKE
http://offer-account209-security.xyz,FAKE
http://secure-account210-security.xyz,FAKE
http://login-account211-security.xyz,FAKE
http://verify-account212-security.xyz,FAKE
http://update-account213-security.xyz,FAKE
http://alert-account214-security.xyz,FAKE
http://account-account215-security.xyz,FAKE
http://banking-account216-security.xyz,FAKE
http://wallet-account217-security.xyz,FAKE
http://support-account218-security.xyz,FAKE
http://confirm-account219-security.xyz,FAKE
http://free-account220-security.xyz,FAKE
http://bonus-account221-security.xyz,FAKE
http://lottery-account222-security.xyz,FAKE
http://crypto-account223-security.xyz,FAKE
http://offer-account224-security.xyz,FAKE
http://secure-account225-security.xyz,FAKE
http://login-account226-security.xyz,FAKE
http://verify-account227-security.xyz,FAKE
http://update-account228-security.xyz,FAKE
http://alert-account229-security.xyz,FAKE
http://account-account230-security.xyz,FAKE
http://banking-account231-security.xyz,FAKE
http://wallet-account232-security.xyz,FAKE
http://support-account233-security.xyz,FAKE
http://confirm-account234-security.xyz,FAKE
http://free-account235-security.xyz,FAKE
http://bonus-account236-security.xyz,FAKE
http://lottery-account237-security.xyz,FAKE
http://crypto-account238-security.xyz,FAKE
http://offer-account239-security.xyz,FAKE
http://secure-account240-security.xyz,FAKE
http://login-account241-security.xyz,FAKE
http://verify-account242-security.xyz,FAKE
http://update-account243-security.xyz,FAKE
http://alert-account244-security.xyz,FAKE
http://account-account245-security.xyz,FAKE
http://banking-account246-security.xyz,FAKE
http://wallet-account247-security.xyz,FAKE
http://support-account248-security.xyz,FAKE
http://confirm-account249-security.xyz,FAKE
